Text,Date,Time,Draft,Facebook,Twitter/X,LinkedIn,GBP,Instagram,Pinterest,TikTok,YouTube,Threads,Bluesky,Picture Url 1,Instagram Post Type,Instagram Show Reel On Feed,YouTube Video Title,YouTube Video Type,YouTube Video Privacy,YouTube video for kids,YouTube Video Category,YouTube Video Tags,TikTok Title,TikTok Post Privacy,TikTok Auto Add Music,Brand name
"Which is HEAVIER? House Mouse vs Goliath Beetle 🤔
Comment your guess 👇 then check the answer.

Play free on Google Play: https://play.google.com/store/apps/details?id=com.basikcode.biggerornot

#whichisbigger #trivia #quiz #didyouknow #funfacts #animals #sizecomparison #shorts",2026-10-01,18:00:00,FALSE,FALSE,FALSE,FALSE,FALSE,TRUE,FALSE,TRUE,TRUE,FALSE,FALSE,https://fabien0008.github.io/bigger-or-not-clips/clips/2026-10/01_ANI-004.mp4,REEL,TRUE,Which is HEAVIER? House Mouse vs Goliath Beetle #shorts,SHORT,PUBLIC,FALSE,Gaming,"whichisbigger,trivia,quiz,didyouknow,funfacts,animals,sizecomparison,shorts",House Mouse vs Goliath Beetle — Which is HEAVIER?,PUBLIC_TO_EVERYONE,TRUE,
"Which is FASTER? Cheetah vs Peregrine Falcon 🤔
Comment your guess 👇 then check the answer.

Play free on Google Play: https://play.google.com/store/apps/details?id=com.basikcode.biggerornot

#whichisbigger #trivia #quiz #didyouknow #funfacts #animals #sizecomparison #shorts",2026-10-02,18:00:00,FALSE,FALSE,FALSE,FALSE,FALSE,TRUE,FALSE,TRUE,TRUE,FALSE,FALSE,https://fabien0008.github.io/bigger-or-not-clips/clips/2026-10/02_ANI-005.mp4,REEL,TRUE,Which is FASTER? Cheetah vs Peregrine Falcon #shorts,SHORT,PUBLIC,FALSE,Gaming,"whichisbigger,trivia,quiz,didyouknow,funfacts,animals,sizecomparison,shorts",Cheetah vs Peregrine Falcon — Which is FASTER?,PUBLIC_TO_EVERYONE,TRUE,
"Which has LONGER tentacles? Box Jellyfish vs Portuguese Man o' War 🤔
Comment your guess 👇 then check the answer.

Play free on Google Play: https://play.google.com/store/apps/details?id=com.basikcode.biggerornot

#whichisbigger #trivia #quiz #didyouknow #funfacts #animals #sizecomparison #shorts",2026-10-03,18:00:00,FALSE,FALSE,FALSE,FALSE,FALSE,TRUE,FALSE,TRUE,TRUE,FALSE,FALSE,https://fabien0008.github.io/bigger-or-not-clips/clips/2026-10/03_ANI-020.mp4,REEL,TRUE,Which has LONGER tentacles? Box Jellyfish vs Portuguese Man o' War #shorts,SHORT,PUBLIC,FALSE,Gaming,"whichisbigger,trivia,quiz,didyouknow,funfacts,animals,sizecomparison,shorts",Box Jellyfish vs Portuguese Man o' War — Which has LONGER tentacles?,PUBLIC_TO_EVERYONE,TRUE,
"Which is LOUDER? Howler Monkey vs Lion 🤔
Comment your guess 👇 then check the answer.

Play free on Google Play: https://play.google.com/store/apps/details?id=com.basikcode.biggerornot

#whichisbigger #trivia #quiz #didyouknow #funfacts #animals #sizecomparison #shorts",2026-10-04,18:00:00,FALSE,FALSE,FALSE,FALSE,FALSE,TRUE,FALSE,TRUE,TRUE,FALSE,FALSE,https://fabien0008.github.io/bigger-or-not-clips/clips/2026-10/04_ANI-021.mp4,REEL,TRUE,Which is LOUDER? Howler Monkey vs Lion #shorts,SHORT,PUBLIC,FALSE,Gaming,"whichisbigger,trivia,quiz,didyouknow,funfacts,animals,sizecomparison,shorts",Howler Monkey vs Lion — Which is LOUDER?,PUBLIC_TO_EVERYONE,TRUE,
"Which jumps HIGHER relative to its body? Flea vs Human 🤔
Comment your guess 👇 then check the answer.

Play free on Google Play: https://play.google.com/store/apps/details?id=com.basikcode.biggerornot

#whichisbigger #trivia #quiz #didyouknow #funfacts #animals #sizecomparison #shorts",2026-10-05,18:00:00,FALSE,FALSE,FALSE,FALSE,FALSE,TRUE,FALSE,TRUE,TRUE,FALSE,FALSE,https://fabien0008.github.io/bigger-or-not-clips/clips/2026-10/05_ANI-023.mp4,REEL,TRUE,Which jumps HIGHER relative to its body? Flea vs Human #shorts,SHORT,PUBLIC,FALSE,Gaming,"whichisbigger,trivia,quiz,didyouknow,funfacts,animals,sizecomparison,shorts",Flea vs Human — Which jumps HIGHER relative to its body?,PUBLIC_TO_EVERYONE,TRUE,
"Which migrates FURTHER each year? Arctic Tern vs Monarch Butterfly 🤔
Comment your guess 👇 then check the answer.

Play free on Google Play: https://play.google.com/store/apps/details?id=com.basikcode.biggerornot

#whichisbigger #trivia #quiz #didyouknow #funfacts #animals #sizecomparison #shorts",2026-10-06,18:00:00,FALSE,FALSE,FALSE,FALSE,FALSE,TRUE,FALSE,TRUE,TRUE,FALSE,FALSE,https://fabien0008.github.io/bigger-or-not-clips/clips/2026-10/06_ANI-029.mp4,REEL,TRUE,Which migrates FURTHER each year? Arctic Tern vs Monarch Butterfly #shorts,SHORT,PUBLIC,FALSE,Gaming,"whichisbigger,trivia,quiz,didyouknow,funfacts,animals,sizecomparison,shorts",Arctic Tern vs Monarch Butterfly — Which migrates FURTHER each year?,PUBLIC_TO_EVERYONE,TRUE,
"Which is LONGER: the giraffe's NECK or the narwhal's TUSK? Giraffe vs Narwhal 🤔
Comment your guess 👇 then check the answer.

Play free on Google Play: https://play.google.com/store/apps/details?id=com.basikcode.biggerornot

#whichisbigger #trivia #quiz #didyouknow #funfacts #animals #sizecomparison #shorts",2026-10-07,18:00:00,FALSE,FALSE,FALSE,FALSE,FALSE,TRUE,FALSE,TRUE,TRUE,FALSE,FALSE,https://fabien0008.github.io/bigger-or-not-clips/clips/2026-10/07_ANI-049.mp4,REEL,TRUE,Which is LONGER: the giraffe's NECK or the narwhal's TUSK? Giraffe vs Narwhal #shorts,SHORT,PUBLIC,FALSE,Gaming,"whichisbigger,trivia,quiz,didyouknow,funfacts,animals,sizecomparison,shorts",Giraffe vs Narwhal — Which is LONGER: the giraffe's NECK or the narwhal's TUSK?,PUBLIC_TO_EVERYONE,TRUE,
"Which is LONGER? Lion's Mane Jellyfish vs Humpback Whale 🤔
Comment your guess 👇 then check the answer.

Play free on Google Play: https://play.google.com/store/apps/details?id=com.basikcode.biggerornot

#whichisbigger #trivia #quiz #didyouknow #funfacts #animals #sizecomparison #shorts",2026-10-08,18:00:00,FALSE,FALSE,FALSE,FALSE,FALSE,TRUE,FALSE,TRUE,TRUE,FALSE,FALSE,https://fabien0008.github.io/bigger-or-not-clips/clips/2026-10/08_ANI-077.mp4,REEL,TRUE,Which is LONGER? Lion's Mane Jellyfish vs Humpback Whale #shorts,SHORT,PUBLIC,FALSE,Gaming,"whichisbigger,trivia,quiz,didyouknow,funfacts,animals,sizecomparison,shorts",Lion's Mane Jellyfish vs Humpback Whale — Which is LONGER?,PUBLIC_TO_EVERYONE,TRUE,
"Which lives LONGER? Greenland Shark vs Bowhead Whale 🤔
Comment your guess 👇 then check the answer.

Play free on Google Play: https://play.google.com/store/apps/details?id=com.basikcode.biggerornot

#whichisbigger #trivia #quiz #didyouknow #funfacts #animals #sizecomparison #shorts",2026-10-09,18:00:00,FALSE,FALSE,FALSE,FALSE,FALSE,TRUE,FALSE,TRUE,TRUE,FALSE,FALSE,https://fabien0008.github.io/bigger-or-not-clips/clips/2026-10/09_ANI-082.mp4,REEL,TRUE,Which lives LONGER? Greenland Shark vs Bowhead Whale #shorts,SHORT,PUBLIC,FALSE,Gaming,"whichisbigger,trivia,quiz,didyouknow,funfacts,animals,sizecomparison,shorts",Greenland Shark vs Bowhead Whale — Which lives LONGER?,PUBLIC_TO_EVERYONE,TRUE,
"Which has the LONGER pregnancy? Frilled Shark vs Human 🤔
Comment your guess 👇 then check the answer.

Play free on Google Play: https://play.google.com/store/apps/details?id=com.basikcode.biggerornot

#whichisbigger #trivia #quiz #didyouknow #funfacts #animals #sizecomparison #shorts",2026-10-10,18:00:00,FALSE,FALSE,FALSE,FALSE,FALSE,TRUE,FALSE,TRUE,TRUE,FALSE,FALSE,https://fabien0008.github.io/bigger-or-not-clips/clips/2026-10/10_ANI-088.mp4,REEL,TRUE,Which has the LONGER pregnancy? Frilled Shark vs Human #shorts,SHORT,PUBLIC,FALSE,Gaming,"whichisbigger,trivia,quiz,didyouknow,funfacts,animals,sizecomparison,shorts",Frilled Shark vs Human — Which has the LONGER pregnancy?,PUBLIC_TO_EVERYONE,TRUE,
"Which is STRONGER relative to its body weight? Horned Dung Beetle vs Leaf-cutter Ant 🤔
Comment your guess 👇 then check the answer.

Play free on Google Play: https://play.google.com/store/apps/details?id=com.basikcode.biggerornot

#whichisbigger #trivia #quiz #didyouknow #funfacts #animals #sizecomparison #shorts",2026-10-11,18:00:00,FALSE,FALSE,FALSE,FALSE,FALSE,TRUE,FALSE,TRUE,TRUE,FALSE,FALSE,https://fabien0008.github.io/bigger-or-not-clips/clips/2026-10/11_ANI-090.mp4,REEL,TRUE,Which is STRONGER relative to its body weight? Horned Dung Beetle vs Leaf-cutter Ant #shorts,SHORT,PUBLIC,FALSE,Gaming,"whichisbigger,trivia,quiz,didyouknow,funfacts,animals,sizecomparison,shorts",Horned Dung Beetle vs Leaf-cutter Ant — Which is STRONGER relative to its body weight?,PUBLIC_TO_EVERYONE,TRUE,
"Which has MORE caffeine per cup? Espresso vs Drip Coffee 🤔
Comment your guess 👇 then check the answer.

Play free on Google Play: https://play.google.com/store/apps/details?id=com.basikcode.biggerornot

#whichisbigger #trivia #quiz #didyouknow #funfacts #animals #sizecomparison #shorts",2026-10-12,18:00:00,FALSE,FALSE,FALSE,FALSE,FALSE,TRUE,FALSE,TRUE,TRUE,FALSE,FALSE,https://fabien0008.github.io/bigger-or-not-clips/clips/2026-10/12_FOD-006.mp4,REEL,TRUE,Which has MORE caffeine per cup? Espresso vs Drip Coffee #shorts,SHORT,PUBLIC,FALSE,Gaming,"whichisbigger,trivia,quiz,didyouknow,funfacts,animals,sizecomparison,shorts",Espresso vs Drip Coffee — Which has MORE caffeine per cup?,PUBLIC_TO_EVERYONE,TRUE,
"Which has MORE vitamin C per 100 g? Orange vs Red Bell Pepper 🤔
Comment your guess 👇 then check the answer.

Play free on Google Play: https://play.google.com/store/apps/details?id=com.basikcode.biggerornot

#whichisbigger #trivia #quiz #didyouknow #funfacts #animals #sizecomparison #shorts",2026-10-13,18:00:00,FALSE,FALSE,FALSE,FALSE,FALSE,TRUE,FALSE,TRUE,TRUE,FALSE,FALSE,https://fabien0008.github.io/bigger-or-not-clips/clips/2026-10/13_FOD-007.mp4,REEL,TRUE,Which has MORE vitamin C per 100 g? Orange vs Red Bell Pepper #shorts,SHORT,PUBLIC,FALSE,Gaming,"whichisbigger,trivia,quiz,didyouknow,funfacts,animals,sizecomparison,shorts",Orange vs Red Bell Pepper — Which has MORE vitamin C per 100 g?,PUBLIC_TO_EVERYONE,TRUE,
"Which has MORE iron per 100 g? Spinach vs Dark Chocolate 🤔
Comment your guess 👇 then check the answer.

Play free on Google Play: https://play.google.com/store/apps/details?id=com.basikcode.biggerornot

#whichisbigger #trivia #quiz #didyouknow #funfacts #animals #sizecomparison #shorts",2026-10-14,18:00:00,FALSE,FALSE,FALSE,FALSE,FALSE,TRUE,FALSE,TRUE,TRUE,FALSE,FALSE,https://fabien0008.github.io/bigger-or-not-clips/clips/2026-10/14_FOD-009.mp4,REEL,TRUE,Which has MORE iron per 100 g? Spinach vs Dark Chocolate #shorts,SHORT,PUBLIC,FALSE,Gaming,"whichisbigger,trivia,quiz,didyouknow,funfacts,animals,sizecomparison,shorts",Spinach vs Dark Chocolate — Which has MORE iron per 100 g?,PUBLIC_TO_EVERYONE,TRUE,
"Which has MORE potassium per 100 g? Banana vs Potato 🤔
Comment your guess 👇 then check the answer.

Play free on Google Play: https://play.google.com/store/apps/details?id=com.basikcode.biggerornot

#whichisbigger #trivia #quiz #didyouknow #funfacts #animals #sizecomparison #shorts",2026-10-15,18:00:00,FALSE,FALSE,FALSE,FALSE,FALSE,TRUE,FALSE,TRUE,TRUE,FALSE,FALSE,https://fabien0008.github.io/bigger-or-not-clips/clips/2026-10/15_FOD-013.mp4,REEL,TRUE,Which has MORE potassium per 100 g? Banana vs Potato #shorts,SHORT,PUBLIC,FALSE,Gaming,"whichisbigger,trivia,quiz,didyouknow,funfacts,animals,sizecomparison,shorts",Banana vs Potato — Which has MORE potassium per 100 g?,PUBLIC_TO_EVERYONE,TRUE,
"Which has MORE people? Tokyo vs Canada 🤔
Comment your guess 👇 then check the answer.

Play free on Google Play: https://play.google.com/store/apps/details?id=com.basikcode.biggerornot

#whichisbigger #trivia #quiz #didyouknow #funfacts #animals #sizecomparison #shorts",2026-10-16,18:00:00,FALSE,FALSE,FALSE,FALSE,FALSE,TRUE,FALSE,TRUE,TRUE,FALSE,FALSE,https://fabien0008.github.io/bigger-or-not-clips/clips/2026-10/16_GEO-006.mp4,REEL,TRUE,Which has MORE people? Tokyo vs Canada #shorts,SHORT,PUBLIC,FALSE,Gaming,"whichisbigger,trivia,quiz,didyouknow,funfacts,animals,sizecomparison,shorts",Tokyo vs Canada — Which has MORE people?,PUBLIC_TO_EVERYONE,TRUE,
"Which covers MORE AREA? Africa vs The Moon 🤔
Comment your guess 👇 then check the answer.

Play free on Google Play: https://play.google.com/store/apps/details?id=com.basikcode.biggerornot

#whichisbigger #trivia #quiz #didyouknow #funfacts #animals #sizecomparison #shorts",2026-10-17,18:00:00,FALSE,FALSE,FALSE,FALSE,FALSE,TRUE,FALSE,TRUE,TRUE,FALSE,FALSE,https://fabien0008.github.io/bigger-or-not-clips/clips/2026-10/17_GEO-008.mp4,REEL,TRUE,Which covers MORE AREA? Africa vs The Moon #shorts,SHORT,PUBLIC,FALSE,Gaming,"whichisbigger,trivia,quiz,didyouknow,funfacts,animals,sizecomparison,shorts",Africa vs The Moon — Which covers MORE AREA?,PUBLIC_TO_EVERYONE,TRUE,
"Which mountain is TALLER from base to peak? Mauna Kea vs Mount Everest 🤔
Comment your guess 👇 then check the answer.

Play free on Google Play: https://play.google.com/store/apps/details?id=com.basikcode.biggerornot

#whichisbigger #trivia #quiz #didyouknow #funfacts #animals #sizecomparison #shorts",2026-10-18,18:00:00,FALSE,FALSE,FALSE,FALSE,FALSE,TRUE,FALSE,TRUE,TRUE,FALSE,FALSE,https://fabien0008.github.io/bigger-or-not-clips/clips/2026-10/18_GEO-009.mp4,REEL,TRUE,Which mountain is TALLER from base to peak? Mauna Kea vs Mount Everest #shorts,SHORT,PUBLIC,FALSE,Gaming,"whichisbigger,trivia,quiz,didyouknow,funfacts,animals,sizecomparison,shorts",Mauna Kea vs Mount Everest — Which mountain is TALLER from base to peak?,PUBLIC_TO_EVERYONE,TRUE,
"Which country has MORE islands? Indonesia vs Sweden 🤔
Comment your guess 👇 then check the answer.

Play free on Google Play: https://play.google.com/store/apps/details?id=com.basikcode.biggerornot

#whichisbigger #trivia #quiz #didyouknow #funfacts #animals #sizecomparison #shorts",2026-10-19,18:00:00,FALSE,FALSE,FALSE,FALSE,FALSE,TRUE,FALSE,TRUE,TRUE,FALSE,FALSE,https://fabien0008.github.io/bigger-or-not-clips/clips/2026-10/19_GEO-012.mp4,REEL,TRUE,Which country has MORE islands? Indonesia vs Sweden #shorts,SHORT,PUBLIC,FALSE,Gaming,"whichisbigger,trivia,quiz,didyouknow,funfacts,animals,sizecomparison,shorts",Indonesia vs Sweden — Which country has MORE islands?,PUBLIC_TO_EVERYONE,TRUE,
"Which covers MORE AREA? Russia vs Pluto 🤔
Comment your guess 👇 then check the answer.

Play free on Google Play: https://play.google.com/store/apps/details?id=com.basikcode.biggerornot

#whichisbigger #trivia #quiz #didyouknow #funfacts #animals #sizecomparison #shorts",2026-10-20,18:00:00,FALSE,FALSE,FALSE,FALSE,FALSE,TRUE,FALSE,TRUE,TRUE,FALSE,FALSE,https://fabien0008.github.io/bigger-or-not-clips/clips/2026-10/20_GEO-016.mp4,REEL,TRUE,Which covers MORE AREA? Russia vs Pluto #shorts,SHORT,PUBLIC,FALSE,Gaming,"whichisbigger,trivia,quiz,didyouknow,funfacts,animals,sizecomparison,shorts",Russia vs Pluto — Which covers MORE AREA?,PUBLIC_TO_EVERYONE,TRUE,
"Which covers MORE AREA? Pacific Ocean vs All Land on Earth 🤔
Comment your guess 👇 then check the answer.

Play free on Google Play: https://play.google.com/store/apps/details?id=com.basikcode.biggerornot

#whichisbigger #trivia #quiz #didyouknow #funfacts #animals #sizecomparison #shorts",2026-10-21,18:00:00,FALSE,FALSE,FALSE,FALSE,FALSE,TRUE,FALSE,TRUE,TRUE,FALSE,FALSE,https://fabien0008.github.io/bigger-or-not-clips/clips/2026-10/21_GEO-018.mp4,REEL,TRUE,Which covers MORE AREA? Pacific Ocean vs All Land on Earth #shorts,SHORT,PUBLIC,FALSE,Gaming,"whichisbigger,trivia,quiz,didyouknow,funfacts,animals,sizecomparison,shorts",Pacific Ocean vs All Land on Earth — Which covers MORE AREA?,PUBLIC_TO_EVERYONE,TRUE,
"Which is LONGER? Norway (coastline) vs Australia (coastline) 🤔
Comment your guess 👇 then check the answer.

Play free on Google Play: https://play.google.com/store/apps/details?id=com.basikcode.biggerornot

#whichisbigger #trivia #quiz #didyouknow #funfacts #animals #sizecomparison #shorts",2026-10-22,18:00:00,FALSE,FALSE,FALSE,FALSE,FALSE,TRUE,FALSE,TRUE,TRUE,FALSE,FALSE,https://fabien0008.github.io/bigger-or-not-clips/clips/2026-10/22_GEO-019.mp4,REEL,TRUE,Which is LONGER? Norway (coastline) vs Australia (coastline) #shorts,SHORT,PUBLIC,FALSE,Gaming,"whichisbigger,trivia,quiz,didyouknow,funfacts,animals,sizecomparison,shorts",Norway (coastline) vs Australia (coastline) — Which is LONGER?,PUBLIC_TO_EVERYONE,TRUE,
"Which is OLDER? Great Pyramid of Giza vs Stonehenge 🤔
Comment your guess 👇 then check the answer.

Play free on Google Play: https://play.google.com/store/apps/details?id=com.basikcode.biggerornot

#whichisbigger #trivia #quiz #didyouknow #funfacts #animals #sizecomparison #shorts",2026-10-23,18:00:00,FALSE,FALSE,FALSE,FALSE,FALSE,TRUE,FALSE,TRUE,TRUE,FALSE,FALSE,https://fabien0008.github.io/bigger-or-not-clips/clips/2026-10/23_HIS-002.mp4,REEL,TRUE,Which is OLDER? Great Pyramid of Giza vs Stonehenge #shorts,SHORT,PUBLIC,FALSE,Gaming,"whichisbigger,trivia,quiz,didyouknow,funfacts,animals,sizecomparison,shorts",Great Pyramid of Giza vs Stonehenge — Which is OLDER?,PUBLIC_TO_EVERYONE,TRUE,
"Which lasted LONGER? Roman Empire vs Ancient Egypt 🤔
Comment your guess 👇 then check the answer.

Play free on Google Play: https://play.google.com/store/apps/details?id=com.basikcode.biggerornot

#whichisbigger #trivia #quiz #didyouknow #funfacts #animals #sizecomparison #shorts",2026-10-24,18:00:00,FALSE,FALSE,FALSE,FALSE,FALSE,TRUE,FALSE,TRUE,TRUE,FALSE,FALSE,https://fabien0008.github.io/bigger-or-not-clips/clips/2026-10/24_HIS-003.mp4,REEL,TRUE,Which lasted LONGER? Roman Empire vs Ancient Egypt #shorts,SHORT,PUBLIC,FALSE,Gaming,"whichisbigger,trivia,quiz,didyouknow,funfacts,animals,sizecomparison,shorts",Roman Empire vs Ancient Egypt — Which lasted LONGER?,PUBLIC_TO_EVERYONE,TRUE,
"Which was invented FIRST? Fax Machine vs Telephone 🤔
Comment your guess 👇 then check the answer.

Play free on Google Play: https://play.google.com/store/apps/details?id=com.basikcode.biggerornot

#whichisbigger #trivia #quiz #didyouknow #funfacts #animals #sizecomparison #shorts",2026-10-25,18:00:00,FALSE,FALSE,FALSE,FALSE,FALSE,TRUE,FALSE,TRUE,TRUE,FALSE,FALSE,https://fabien0008.github.io/bigger-or-not-clips/clips/2026-10/25_HIS-007.mp4,REEL,TRUE,Which was invented FIRST? Fax Machine vs Telephone #shorts,SHORT,PUBLIC,FALSE,Gaming,"whichisbigger,trivia,quiz,didyouknow,funfacts,animals,sizecomparison,shorts",Fax Machine vs Telephone — Which was invented FIRST?,PUBLIC_TO_EVERYONE,TRUE,
"Which was invented FIRST? Canned Food vs Can Opener 🤔
Comment your guess 👇 then check the answer.

Play free on Google Play: https://play.google.com/store/apps/details?id=com.basikcode.biggerornot

#whichisbigger #trivia #quiz #didyouknow #funfacts #animals #sizecomparison #shorts",2026-10-26,18:00:00,FALSE,FALSE,FALSE,FALSE,FALSE,TRUE,FALSE,TRUE,TRUE,FALSE,FALSE,https://fabien0008.github.io/bigger-or-not-clips/clips/2026-10/26_HIS-011.mp4,REEL,TRUE,Which was invented FIRST? Canned Food vs Can Opener #shorts,SHORT,PUBLIC,FALSE,Gaming,"whichisbigger,trivia,quiz,didyouknow,funfacts,animals,sizecomparison,shorts",Canned Food vs Can Opener — Which was invented FIRST?,PUBLIC_TO_EVERYONE,TRUE,
"Which is OLDER? University of Oxford vs Aztec Empire 🤔
Comment your guess 👇 then check the answer.

Play free on Google Play: https://play.google.com/store/apps/details?id=com.basikcode.biggerornot

#whichisbigger #trivia #quiz #didyouknow #funfacts #animals #sizecomparison #shorts",2026-10-27,18:00:00,FALSE,FALSE,FALSE,FALSE,FALSE,TRUE,FALSE,TRUE,TRUE,FALSE,FALSE,https://fabien0008.github.io/bigger-or-not-clips/clips/2026-10/27_HIS-013.mp4,REEL,TRUE,Which is OLDER? University of Oxford vs Aztec Empire #shorts,SHORT,PUBLIC,FALSE,Gaming,"whichisbigger,trivia,quiz,didyouknow,funfacts,animals,sizecomparison,shorts",University of Oxford vs Aztec Empire — Which is OLDER?,PUBLIC_TO_EVERYONE,TRUE,
"Which was invented FIRST? Lighters vs Matches 🤔
Comment your guess 👇 then check the answer.

Play free on Google Play: https://play.google.com/store/apps/details?id=com.basikcode.biggerornot

#whichisbigger #trivia #quiz #didyouknow #funfacts #animals #sizecomparison #shorts",2026-10-28,18:00:00,FALSE,FALSE,FALSE,FALSE,FALSE,TRUE,FALSE,TRUE,TRUE,FALSE,FALSE,https://fabien0008.github.io/bigger-or-not-clips/clips/2026-10/28_HIS-015.mp4,REEL,TRUE,Which was invented FIRST? Lighters vs Matches #shorts,SHORT,PUBLIC,FALSE,Gaming,"whichisbigger,trivia,quiz,didyouknow,funfacts,animals,sizecomparison,shorts",Lighters vs Matches — Which was invented FIRST?,PUBLIC_TO_EVERYONE,TRUE,
"Which has a LARGER surface area? Human Lungs (unfolded) vs Human Skin 🤔
Comment your guess 👇 then check the answer.

Play free on Google Play: https://play.google.com/store/apps/details?id=com.basikcode.biggerornot

#whichisbigger #trivia #quiz #didyouknow #funfacts #animals #sizecomparison #shorts",2026-10-29,18:00:00,FALSE,FALSE,FALSE,FALSE,FALSE,TRUE,FALSE,TRUE,TRUE,FALSE,FALSE,https://fabien0008.github.io/bigger-or-not-clips/clips/2026-10/29_HUM-009.mp4,REEL,TRUE,Which has a LARGER surface area? Human Lungs (unfolded) vs Human Skin #shorts,SHORT,PUBLIC,FALSE,Gaming,"whichisbigger,trivia,quiz,didyouknow,funfacts,animals,sizecomparison,shorts",Human Lungs (unfolded) vs Human Skin — Which has a LARGER surface area?,PUBLIC_TO_EVERYONE,TRUE,
"Which has MORE cells? Red Blood Cells vs Gut Bacteria 🤔
Comment your guess 👇 then check the answer.

Play free on Google Play: https://play.google.com/store/apps/details?id=com.basikcode.biggerornot

#whichisbigger #trivia #quiz #didyouknow #funfacts #animals #sizecomparison #shorts",2026-10-30,18:00:00,FALSE,FALSE,FALSE,FALSE,FALSE,TRUE,FALSE,TRUE,TRUE,FALSE,FALSE,https://fabien0008.github.io/bigger-or-not-clips/clips/2026-10/30_HUM-012.mp4,REEL,TRUE,Which has MORE cells? Red Blood Cells vs Gut Bacteria #shorts,SHORT,PUBLIC,FALSE,Gaming,"whichisbigger,trivia,quiz,didyouknow,funfacts,animals,sizecomparison,shorts",Red Blood Cells vs Gut Bacteria — Which has MORE cells?,PUBLIC_TO_EVERYONE,TRUE,
"Which is LONGER if laid end to end? All blood vessels vs All peripheral nerves 🤔
Comment your guess 👇 then check the answer.

Play free on Google Play: https://play.google.com/store/apps/details?id=com.basikcode.biggerornot

#whichisbigger #trivia #quiz #didyouknow #funfacts #animals #sizecomparison #shorts",2026-10-31,18:00:00,FALSE,FALSE,FALSE,FALSE,FALSE,TRUE,FALSE,TRUE,TRUE,FALSE,FALSE,https://fabien0008.github.io/bigger-or-not-clips/clips/2026-10/31_HUM-015.mp4,REEL,TRUE,Which is LONGER if laid end to end? All blood vessels vs All peripheral nerves #shorts,SHORT,PUBLIC,FALSE,Gaming,"whichisbigger,trivia,quiz,didyouknow,funfacts,animals,sizecomparison,shorts",All blood vessels vs All peripheral nerves — Which is LONGER if laid end to end?,PUBLIC_TO_EVERYONE,TRUE,
